{
	"settings": {
		"mode":"kubectl",
		"varpath":"./data/"
	},

	"meta": {
		"name":"Beta development instruction template",
		"version":"3.0",
		"author":"Andrew Campagna"
	},

	"blocks": [
		
		{
			"type":"shell",
			"cmd":"echo \"Hello dolphin!\nVersion: %version%\""
		}
	],

	"tests": [

		{
			"script":"echo \"test\"",
			"expected_result":"test\n"
		},

		{
			"script":"echo \"test1\"",
			"expected_result":"test1\n"
		},

		{
			"script":"echo \"test2\"",
			"expected_result":"test2\n"
		}
	]
}
